SpatialDimValueCode,Location,Period,ImmunizationMean,NegativeCoef,GdpPerCapita,Sanitation,SmoothingLifeExpectancy
AFG,Afghanistan,2021,61.287843223602536,0.8459130545365946,509.8196592635923,54.35773988653177,60.50126810616724
AFG,Afghanistan,2022,60.22271485569592,0.8459130545365946,512.0042686611696,56.04484050866547,60.39957682588735
AFG,Afghanistan,2023,59.37061216137063,0.8459130545365946,513.794196619995,57.72350562768851,60.311458583699405
AGO,Angola,2021,47.48820493463647,0.8371264564243244,1244.502606984814,52.225952833695615,62.838935808333574
AGO,Angola,2022,45.74781950065778,0.8371264564243244,997.910059345842,52.68132108711597,63.01174363902656
AGO,Angola,2023,44.35551115347484,0.8371264564243244,800.6360212346644,53.11901620046175,63.17730210735161
ALB,Albania,2021,95.30247941901193,0.5930194866546995,5496.32725135113,99.54562959040243,76.26760899948538
ALB,Albania,2022,94.77796282537253,0.5930194866546995,5554.315352449431,99.75083307431349,75.88695992739098
ALB,Albania,2023,94.35834955046101,0.5930194866546995,5600.705833328072,99.94949551223753,75.58244066971545
ARE,United Arab Emirates,2021,87.90435200757047,0.5974716656469253,35354.88101430386,99.09901545319259,79.9803364502934
ARE,United Arab Emirates,2022,85.50114674626799,0.5974716656469253,32438.284837927175,99.09835361513416,79.6920478840769
ARE,United Arab Emirates,2023,83.54520055620237,0.5974716656469253,29550.854623314262,99.0976984821436,79.4614170311037
ARG,Argentina,2021,72.36114199993696,0.6319218887516802,7579.236047888942,87.98726028238757,76.15908548826526
ARG,Argentina,2022,69.2775178264725,0.6319218887516802,6740.093384669741,88.26510973503312,75.99208449056408
ARG,Argentina,2023,66.81061848770071,0.6319218887516802,6068.779254094379,88.48738929714956,75.85848369240314
ARM,Armenia,2021,89.56117577063635,0.6324977422654218,4385.599099576678,94.09830669784341,68.22723406660563
ARM,Armenia,2022,88.59842988439712,0.6324977422654218,4414.141266047326,94.23252801802701,66.55861811942877
ARM,Armenia,2023,87.82823317538958,0.6324977422654218,4439.995591565751,94.36254678161538,65.22372536168729
ATG,Antigua and Barbuda,2021,93.13383131401017,0.6102834563339886,15022.891326694064,97.40113757234258,77.99601754042247
ATG,Antigua and Barbuda,2022,92.81926837007684,0.6102834563339886,14268.886599748872,97.4017979644816,78.53659380113928
ATG,Antigua and Barbuda,2023,92.56761801493018,0.6102834563339886,13665.682818192718,97.40232627819286,78.96905480971272
AUS,Australia,2021,94.29686188977855,0.4134091987101108,50862.987322871835,99.99999956594893,83.47854248630061
AUS,Australia,2022,94.21739533577703,0.4134091987101108,49414.03241275165,99.99999925812827,83.65665791554508
AUS,Australia,2023,94.1538220925758,0.4134091987101108,47979.567051732665,99.9999989534131,83.80576216970732
AUT,Austria,2021,87.96570747045004,0.5616837794952749,48936.76085954598,99.96960588740903,81.04605323054741
AUT,Austria,2022,87.77150036422421,0.5616837794952749,48787.708343528895,99.96936075902417,80.93571888887382
AUT,Austria,2023,87.61613467921576,0.5616837794952749,48640.14635267198,99.969118135818,80.84745141553495
AZE,Azerbaijan,2021,78.51105921685635,0.6625143822130536,4146.493701350692,97.42062331542145,70.8547854119955
AZE,Azerbaijan,2022,73.42635671737472,0.6625143822130536,3974.22599205385,97.70312410870395,69.82773613214472
AZE,Azerbaijan,2023,68.7592436677263,0.6625143822130536,3803.006941414845,97.97275847742705,69.00609670826411
BDI,Burundi,2021,92.35821066031315,0.8579121550706399,204.61284543016788,45.71131875064149,64.85955738814275
BDI,Burundi,2022,92.5723808357625,0.8579121550706399,201.11392456830498,45.69636961817336,65.10381401336645
BDI,Burundi,2023,92.743716976122,0.8579121550706399,198.31478787881466,45.68441031219885,65.33056143455535
BEL,Belgium,2021,96.91233663592384,0.519641086519556,46293.51859158952,99.4900000002182,80.72706938225379
BEL,Belgium,2022,96.85348838082031,0.519641086519556,46369.37670044603,99.49000000058135,80.57113051606791
BEL,Belgium,2023,96.80640977673747,0.519641086519556,46444.47622821398,99.49000000094082,80.4463794231192
BEN,Benin,2021,62.304191623174596,0.8486418935282792,1218.519355615493,19.888797520997148,64.73987884132771
BEN,Benin,2022,61.03281772819129,0.8486418935282792,1240.6949703806217,20.509234992460847,65.06011903885043
BEN,Benin,2023,60.01571861214279,0.8486418935282792,1258.4354621928107,21.126570276567225,65.37632217640684
BFA,Burkina Faso,2021,90.00116353745703,0.8610749385506977,844.1551616279594,23.8234274555752,63.26590586606497
BFA,Burkina Faso,2022,90.00086922775748,0.8610749385506977,864.2604985390973,24.317333795859973,63.58279901559515
BFA,Burkina Faso,2023,90.00063377999766,0.8610749385506977,880.3447680680075,24.80475943412836,63.89215918925257
BGD,Bangladesh,2021,97.67074721628428,0.7822581856211801,2404.570262222031,57.95311722489092,73.28293467939864
BGD,Bangladesh,2022,97.67075930068006,0.7822581856211801,2549.7179907588334,59.46616157908759,73.15373523670839
BGD,Bangladesh,2023,97.67076896819668,0.7822581856211801,2693.4432951104523,60.971640711513274,73.03524911149165
BGR,Bulgaria,2021,89.62100049893174,0.5905747149967017,10648.643258526105,86.05247453552731,73.25488807375795
BGR,Bulgaria,2022,88.84251732565131,0.5905747149967017,11032.23213240866,86.06634392092347,72.87797943244063
BGR,Bulgaria,2023,88.21973078702595,0.5905747149967017,11382.921670007647,86.08007461246567,72.57645251938678
BHR,Bahrain,2021,98.28926878320176,0.6511734606670936,24251.114801771466,100.0000075845204,74.64777353978684
BHR,Bahrain,2022,98.15766732084145,0.6511734606670936,23596.42116603186,100.00000902520478,74.30122235687891
BHR,Bahrain,2023,98.0523861509532,0.6511734606670936,22948.274466649655,100.00001045110471,73.99572794201731
BHS,Bahamas,2021,82.81867227335724,0.6056005866731607,23621.07798467782,86.09165285048672,72.38713880879384
BHS,Bahamas,2022,81.4408002943588,0.6056005866731607,20816.79401484779,85.00980886632095,72.47771095747517
BHS,Bahamas,2023,80.33850271116006,0.6056005866731607,18036.314481326095,84.14433367898833,72.55016867642024
BIH,Bosnia and Herzegovina,2021,68.15217658536186,0.684089748635645,6350.211614525317,97.32198600295706,75.40916509563759
BIH,Bosnia and Herzegovina,2022,67.40333107990205,0.684089748635645,6516.549984390117,97.47099684746874,75.00258480904233
BIH,Bosnia and Herzegovina,2023,66.80425467553192,0.684089748635645,6681.886612567995,97.5902055230781,74.67732057976612
BLR,Belarus,2021,96.88881478698661,0.594007021212392,6693.299377690018,99.87760282345992,72.81008102736733
BLR,Belarus,2022,96.67606399544485,0.594007021212392,6749.574001676427,100.21453738963119,72.41201797389995
BLR,Belarus,2023,96.50586336221146,0.594007021212392,6796.098670316396,100.5497872829716,72.09356753112604
BLZ,Belize,2021,77.57531024331585,0.6641168764115334,5005.6776603488,88.32397712918906,74.74100325063749
BLZ,Belize,2022,73.40995024245856,0.6641168764115334,4639.868160441566,88.40379884621152,74.7493671368117
BLZ,Belize,2023,70.07766224177274,0.6641168764115334,4276.8629002862235,88.48034143906116,74.75643026353146
BOL,Bolivia (Plurinational State of),2021,66.67609288989414,0.6523362055793036,3058.420036810513,67.47016154391034,66.11598388458022
BOL,Bolivia (Plurinational State of),2022,63.49530811829892,0.6523362055793036,2959.5502658720643,69.27201456315423,64.59936180059232
BOL,Bolivia (Plurinational State of),2023,60.95068030102275,0.6523362055793036,2875.2689124133717,71.0648583173019,63.386064133401995
BRA,Brazil,2021,74.46471380188747,0.6002538269122321,6355.311528334381,90.8709093619432,73.94509136704015
BRA,Brazil,2022,72.17556457570427,0.6002538269122321,5384.073791841683,91.65328991939545,73.63017865836709
BRA,Brazil,2023,70.34424519475772,0.6002538269122321,4418.971024476798,92.43041770903189,73.37824849142864
BRB,Barbados,2021,85.19854334719555,0.5108859745259817,18102.816101157412,98.4246688469753,77.06040687755971
BRB,Barbados,2022,83.79431947401379,0.5108859745259817,17577.62055850525,98.69658595425919,77.26457966570396
BRB,Barbados,2023,82.67094037546839,0.5108859745259817,17135.103091440837,98.96128312791132,77.42791789621936
BRN,Brunei Darussalam,2021,99.04197688183595,0.6470719916042411,26096.36521919436,98.25348005751124,76.84018330613935
BRN,Brunei Darussalam,2022,99.1534273949756,0.6470719916042411,24788.442300740393,99.45365305292208,76.91079290942751
BRN,Brunei Darussalam,2023,99.2425878054873,0.6470719916042411,23493.598611470967,100.64782518335585,76.9690093675896
BTN,Bhutan,2021,94.17384630356486,0.7268841868535297,3178.529444906399,77.99478584141637,74.66923444630106
BTN,Bhutan,2022,93.51212923810179,0.7268841868535297,3090.110330197106,79.28722003674976,74.90992740224178
BTN,Bhutan,2023,92.98275558573134,0.7268841868535297,3002.3001203142426,80.57319206110647,75.12136016188062
BWA,Botswana,2021,92.03331375112425,0.8282547987465791,6121.588668002592,80.96298852614048,65.5350621949051
BWA,Botswana,2022,91.12663688388042,0.8282547987465791,5773.971865157628,81.74152240378366,65.83210658918406
BWA,Botswana,2023,90.40129539008535,0.8282547987465791,5428.926025774555,82.50425057188468,66.10253713735749
CAF,Central African Republic,2021,42.849570161989405,0.9151703450266592,469.09770162651904,13.756824523156535,53.47847145878754
CAF,Central African Republic,2022,42.77310178465466,0.9151703450266592,474.48602537954633,13.39642325070452,53.78969350805056
CAF,Central African Republic,2023,42.71192708278687,0.9151703450266592,478.79668438196813,13.037823984614766,54.06487977582226
CAN,Canada,2021,91.48918854081924,0.4429647877155408,43116.771781622134,98.58596011117993,81.2252996999507
CAN,Canada,2022,91.64199085100256,0.4429647877155408,42196.43300648055,98.501292105819,81.05864096496742
CAN,Canada,2023,91.76423269914923,0.4429647877155408,41285.29761909038,98.4170474404849,80.91491944624858
CHE,Switzerland,2021,96.47513630736894,0.5555321484982136,86495.89125969594,99.90013994391012,82.66797873982813
CHE,Switzerland,2022,96.66364688735828,0.5555321484982136,87291.33724576024,99.9002183726911,82.51055340522294
CHE,Switzerland,2023,96.81445535134975,0.5555321484982136,88078.82877196388,99.90029601718427,82.38461313753878
CHL,Chile,2021,92.0944837404744,0.6197138894454249,12609.075036657812,100.0418255172327,79.75199585704712
CHL,Chile,2022,91.46143134499472,0.6197138894454249,11874.773084366712,100.06657862255746,79.48287208114705
CHL,Chile,2023,90.95498942861099,0.6197138894454249,11144.874528259454,100.0899636297227,79.26757306042698
CHN,China,2021,98.99999175892181,0.6765338675543461,10871.343035562364,94.43669304705323,77.6465196691299
CHN,China,2022,98.99999177773773,0.6765338675543461,11276.628830498114,96.00683586838173,77.80428248189982
CHN,China,2023,98.99999179279048,0.6765338675543461,11678.575715169038,97.56912797560359,77.95549689145199
CIV,Cote d'Ivoire,2021,64.1717159625676,0.8876955349537471,2214.4239096965903,36.44197264924064,63.659482972612906
CIV,Cote d'Ivoire,2022,61.03991182279185,0.8876955349537471,2240.2470243529215,37.263781745914564,63.88722521258928
CIV,Cote d'Ivoire,2023,58.53446845621333,0.8876955349537471,2260.9055164134356,38.08148179710512,64.10480733968872
CMR,Cameroon,2021,65.58372778058305,0.843313714676757,1558.6519529225943,42.89661640006245,62.71854385513993
CMR,Cameroon,2022,65.32622980359193,0.843313714676757,1558.5695247371723,43.142614115165735,63.16802458188631
CMR,Cameroon,2023,65.12023142199904,0.843313714676757,1558.5035821888348,43.38738184169351,63.612769661682236
COD,Democratic Republic of the Congo,2021,67.9764575977634,0.898516580489308,515.4090940534294,15.824923781198516,62.42515564806494
COD,Democratic Republic of the Congo,2022,67.57499395972042,0.898516580489308,512.7269134881941,15.53658014778451,62.765980630683806
COD,Democratic Republic of the Congo,2023,67.25382304887958,0.898516580489308,510.5811690360059,15.25447866579397,63.103598292108224
COG,Congo,2021,71.22778054744175,0.8882342159740059,1907.0959558190254,20.624943140010696,63.49560670561949
COG,Congo,2022,70.37590377948588,0.8882342159740059,1771.6304806316048,20.761131866281772,63.692879055638635
COG,Congo,2023,69.69440236512119,0.8882342159740059,1663.2581004816682,20.893725066118527,63.87738861705297
COL,Colombia,2021,88.01492854745396,0.5144377740482357,5051.17077556516,93.86267098229357,75.82804820412079
COL,Colombia,2022,86.75419534980136,0.5144377740482357,4638.092435896516,94.71180305318386,75.27820278550038
COL,Colombia,2023,85.74560879167927,0.5144377740482357,4270.097973957618,95.55668946371969,74.79204707427695
COM,Comoros,2021,69.82968022904635,0.7730871418121013,1540.108532752159,40.673557908444984,68.40423229780154
COM,Comoros,2022,68.48114186135632,0.7730871418121013,1547.9976652285436,41.54668765439234,68.4984017265205
COM,Comoros,2023,67.40231116720429,0.7730871418121013,1554.3089712096512,42.30678149711156,68.58192304786277
CPV,Cabo Verde,2021,93.48146290129051,0.8240638116456903,3462.2138918738847,82.99284394040573,73.51340376529912
CPV,Cabo Verde,2022,92.64258856061808,0.8240638116456903,3281.994034493139,85.0553568567744,73.36414102985579
CPV,Cabo Verde,2023,91.97148908808015,0.8240638116456903,3137.8181485885434,87.10439471332138,73.2430577360026
CRI,Costa Rica,2021,96.65295324259931,0.6777655028096227,12448.39880207568,98.21183232942403,79.94247436952382
CRI,Costa Rica,2022,97.03239874587506,0.6777655028096227,12395.24491124453,98.38987557860348,79.8655933876768
CRI,Costa Rica,2023,97.3359551491274,0.6777655028096227,12345.699025799111,98.565546596943,79.80408860219917
CUB,Cuba,2021,98.24241585573414,0.6754080848584562,9955.720241760404,91.63872195538426,77.59551034043203
CUB,Cuba,2022,98.08209086250854,0.6754080848584562,10305.485294705706,92.12513662143508,77.56255954947956
CUB,Cuba,2023,97.95383086792805,0.6754080848584562,10653.191502543417,92.60911921415563,77.53619891671757
CYP,Cyprus,2021,91.32488203734951,0.2701152429320954,29185.120519225184,99.39321419296321,82.11027794250562
CYP,Cyprus,2022,90.83220420017432,0.2701152429320954,29353.00590921221,99.38859653450577,82.12523499792701
CYP,Cyprus,2023,90.43806193043416,0.2701152429320954,29519.212445299367,99.38411917292244,82.13914039226064
CZE,Czechia,2021,95.51425735549842,0.6287697046342156,24225.87333039934,99.14000896939015,77.99094641670611
CZE,Czechia,2022,95.45742385568296,0.6287697046342156,24661.808239230762,99.14001175110275,77.7344618498317
CZE,Czechia,2023,95.41195705583058,0.6287697046342156,25093.383798973868,99.14001450440617,77.5166112971674
DEU,Germany,2021,92.98620936645894,0.5636683071593755,47778.8458494906,99.23097674405142,80.83643923645968
DEU,Germany,2022,92.98116507225039,0.5636683071593755,47960.02870034571,99.23163682047576,80.83882291026421
DEU,Germany,2023,92.97712963688356,0.5636683071593755,48139.39972269227,99.23229029613584,80.84072984930785
DJI,Djibouti,2021,65.08354590787006,0.8419318076568163,2952.362597227273,67.65375282540965,65.45899831951296
DJI,Djibouti,2022,60.99674166892443,0.8419318076568163,3009.2449016398623,68.39918324022716,65.56676748416882
DJI,Djibouti,2023,57.72729827720836,0.8419318076568163,3059.638843376844,69.13380638820631,65.67013648198534
DNK,Denmark,2021,95.97819726950209,0.5791664817007407,61766.649170429875,99.6,81.54544810185577
DNK,Denmark,2022,95.84907910187209,0.5791664817007407,62596.68160375441,99.6,81.70636277230484
DNK,Denmark,2023,95.74578456776803,0.5791664817007407,63418.4137127457,99.6,81.8606613997274
DOM,Dominican Republic,2021,80.72938449375847,0.6559974057830735,7098.123571264713,88.19803748236339,73.615144854516
DOM,Dominican Republic,2022,78.73082667326648,0.6559974057830735,6888.060332444441,88.6932939057103,73.5970297110807
DOM,Dominican Republic,2023,77.13198041687288,0.6559974057830735,6710.953372372451,89.18607404694048,73.58253759633246
DZA,Algeria,2021,81.23431578319298,0.6647843325047917,3573.8206127689928,85.83967685362956,73.57545067726294
DZA,Algeria,2022,79.9350074820936,0.6647843325047917,3349.7195262001464,85.71459528496268,72.9066061860345
DZA,Algeria,2023,78.895560841207,0.6647843325047917,3166.0691227540956,85.6004848036131,72.36932026955826
ECU,Ecuador,2021,72.6134238303254,0.6261564797438514,5267.666305857362,91.8031469578457,71.84453948000154
ECU,Ecuador,2022,69.99636534294375,0.6261564797438514,4956.642515667252,92.71137837190457,70.53387096611144
ECU,Ecuador,2023,67.90271855300348,0.6261564797438514,4648.728963379042,93.61506862889316,69.48533615499933
EGY,Egypt,2021,94.34824070284982,0.6636093034707988,3759.2122037802396,97.83510531467925,69.94060411269973
EGY,Egypt,2022,94.25787846069704,0.6636093034707988,4089.9610689882934,98.14957517725516,69.6014737176815
EGY,Egypt,2023,94.18558866697477,0.6636093034707988,4418.736141973413,98.46247269051818,69.33016940166691
ERI,Eritrea,2021,94.3022640989257,0.8607861352143561,2168.040371970915,40.37628706966754,63.987013542966395
ERI,Eritrea,2022,94.28641365696224,0.8607861352143561,2032.0597446687714,40.85742300322766,64.11182373481978
ERI,Eritrea,2023,94.27373330338648,0.8607861352143561,1897.438923639649,41.242331750075756,64.22119149117289
ESP,Spain,2021,94.2959575069212,0.4873454130780254,26860.74972053682,99.92044426940481,81.78854344019024
ESP,Spain,2022,93.84809942902874,0.4873454130780254,25995.942221390353,99.92071134037364,81.5249129150098
ESP,Spain,2023,93.48981296671447,0.4873454130780254,25139.78279723535,99.92097562116771,81.31400849486548
EST,Estonia,2021,90.78839705152483,0.6485272290209237,24838.073702017165,99.08389421674612,78.78988639581993
EST,Estonia,2022,90.8225127594577,0.6485272290209237,25495.22408205865,99.08699467027668,78.87039997811866
EST,Estonia,2023,90.849805325804,0.6485272290209237,26145.80295829971,99.08990282516062,78.94535482112089
ETH,Ethiopia,2021,68.13194170679071,0.8760135579417551,963.3556440024464,9.247677954409472,69.0291119471425
ETH,Ethiopia,2022,69.07345729417244,0.8760135579417551,1025.6495031346042,9.54398939553463,69.18461676084443
ETH,Ethiopia,2023,69.82666976407783,0.8760135579417551,1087.3337322020602,9.838819279454166,69.32850750225451
FIN,Finland,2021,91.57671842844037,0.5781059855332848,49439.65815284192,99.45,81.61606919017647
FIN,Finland,2022,91.37894716051758,0.5781059855332848,49933.26610003498,99.45,81.65372729454933
FIN,Finland,2023,91.2207301461793,0.5781059855332848,50421.93796775612,99.45,81.68819361870867
FJI,Fiji,2021,98.82113863195569,0.670414977174034,4657.720958153342,93.74501913762471,67.68454699936238
FJI,Fiji,2022,99.59206361492676,0.670414977174034,4363.264354614626,93.82087933973784,67.64336572623007
FJI,Fiji,2023,100.20880360130361,0.670414977174034,4127.699071783654,93.89314953966473,67.61042070772423
FRA,France,2021,95.60221942515797,0.547424697968085,39140.880483007335,98.65000105023081,81.80861915186657
FRA,France,2022,95.88879065704268,0.547424697968085,38810.12285347077,98.65000215508826,81.66854255258993
FRA,France,2023,96.11804764255042,0.547424697968085,38482.672800229564,98.65000324889714,81.55575337325422
FSM,Micronesia (Federated States of),2021,83.06434619810445,0.6409986985467688,3363.0214227182128,79.46518068376972,65.67421544534324
FSM,Micronesia (Federated States of),2022,84.7089261750414,0.6409986985467688,3331.1330382894384,76.26717734657889,65.63467296439688
FSM,Micronesia (Federated States of),2023,86.02459015706181,0.6409986985467688,3305.6223307449964,73.29859826601783,65.6030389796398
GAB,Gabon,2021,57.70094471592042,0.8483469740566536,6439.784198449377,50.01866211570637,65.326052039809
GAB,Gabon,2022,55.564520690749255,0.8483469740566536,6132.594923059136,50.17518925937681,65.50594341924172
GAB,Gabon,2023,53.85538147061232,0.8483469740566536,5827.416626422501,50.324596978682976,65.6778915025087
GBR,United Kingdom of Great Britain and Northern Ireland,2021,92.08381821916755,0.5526592530816535,39678.80711639252,99.10999084043772,80.0440280460176
GBR,United Kingdom of Great Britain and Northern Ireland,2022,91.91253858122299,0.5526592530816535,38759.23704902984,99.10998793379095,79.82770575493345
GBR,United Kingdom of Great Britain and Northern Ireland,2023,91.77551487086733,0.5526592530816535,37848.86268234079,99.10998505671738,79.65258949462174
GEO,Georgia,2021,88.23924776867675,0.6366220019302821,4258.021085369925,86.34188007309595,73.0532470266691
GEO,Georgia,2022,86.74648712129068,0.6366220019302821,4142.357777254683,86.26060739504142,72.89768719436209
GEO,Georgia,2023,85.55227860338184,0.6366220019302821,4038.049922186029,86.18651172238478,72.77323932851648
GHA,Ghana,2021,90.65829903921298,0.8603111833370032,2247.4726383222296,27.331092086506573,66.54345675167116
GHA,Ghana,2022,89.58868694980686,0.8603111833370032,2286.2807513107664,28.482597693168074,66.87505866618537
GHA,Ghana,2023,88.73299727828194,0.8603111833370032,2324.8134677223525,29.62834577179624,67.20500257112701
GIN,Guinea,2021,47.3447964811765,0.876572970353124,1098.1064887560885,29.952752277306605,61.42496298786946
GIN,Guinea,2022,47.35114275831046,0.876572970353124,1129.7346489994143,31.108415288473143,61.621363138235424
GIN,Guinea,2023,47.35621978002071,0.876572970353124,1155.037177194075,32.25829998458384,61.80035278115025
GMB,Gambia,2021,83.66957684090231,0.8347319148040893,734.8342244165335,47.45046147471699,64.94854830813517
GMB,Gambia,2022,82.2998467514474,0.8347319148040893,741.7726770936836,47.53193279873132,65.04682757339638
GMB,Gambia,2023,81.20406267988349,0.8347319148040893,747.5587424723094,47.59710985794278,65.14155031121363
GNB,Guinea-Bissau,2021,67.53293073274965,0.8892192892826416,827.7156987648906,27.67783441186131,58.44057311692082
GNB,Guinea-Bissau,2022,65.63782601139921,0.8892192892826416,834.5407324121408,29.008158394008305,58.371826634546366
GNB,Guinea-Bissau,2023,64.12174223431887,0.8892192892826416,840.0007593299408,30.331830756244294,58.30673726215979
GNQ,Equatorial Guinea,2021,60.648059231063705,0.8726137805536667,4973.512233838393,38.76202537243699,61.14597831567287
GNQ,Equatorial Guinea,2022,61.39987797006746,0.8726137805536667,4126.390355393202,38.49962137357879,61.095893124223466
GNQ,Equatorial Guinea,2023,62.001332961270464,0.8726137805536667,3287.739695732463,38.28969817449223,61.05402269279517
GRC,Greece,2021,98.33302052669521,0.5797177778431595,17584.56347386727,98.99265621887487,80.5890419889713
GRC,Greece,2022,98.33312276961041,0.5797177778431595,17028.93419367589,98.99427617101928,80.51503127543879
GRC,Greece,2023,98.33320958786578,0.5797177778431595,16478.86120628642,98.99579981590837,80.45582270461277
GRD,Grenada,2021,72.60780300215413,0.5219702090262405,8843.991429763522,87.8502550231322,75.85921286340213
GRD,Grenada,2022,67.95561994452281,0.5219702090262405,8522.359354040467,88.05237328072538,76.57603280750672
GRD,Grenada,2023,64.23387349841776,0.5219702090262405,8256.465013586823,88.21406788679991,77.14948876279038
GTM,Guatemala,2021,89.79010198707934,0.6267486156690045,4552.982280929852,68.80818043588675,70.65034172411356
GTM,Guatemala,2022,90.18868022107758,0.6267486156690045,4602.238622267081,69.08017408850502,70.18425076420317
GTM,Guatemala,2023,90.50754280827617,0.6267486156690045,4648.561857814337,69.34525970578726,69.81137799627487
GUY,Guyana,2021,96.0593104271023,0.7398918301155505,7014.88860564281,90.36285531816243,66.70048937493578
GUY,Guyana,2022,95.83901703470629,0.7398918301155505,7286.082878319265,90.96376787629849,66.26555317388771
GUY,Guyana,2023,95.66278232078668,0.7398918301155505,7555.723678022956,91.56167587164386,65.91760421304926
HND,Honduras,2021,78.1994982484581,0.5972220894782643,2290.53608042932,83.60051489845331,70.18375260806442
HND,Honduras,2022,75.47367741338851,0.5972220894782643,2243.626129087773,84.41250464749072,69.91817589134163
HND,Honduras,2023,73.29302074533285,0.5972220894782643,2202.0726085931265,85.2158966820891,69.70571451796341
HRV,Croatia,2021,93.16443536744288,0.5434837828643184,14929.35698021226,96.17054038581774,77.8064907061531
HRV,Croatia,2022,93.16775828987662,0.5434837828643184,14873.30868359049,96.18029870636539,77.6622868072378
HRV,Croatia,2023,93.17041662782361,0.5434837828643184,14828.470046293076,96.18954274251358,77.54692368810558
HTI,Haiti,2021,53.27843526355295,0.7790582836598945,1258.8982437036113,37.93027254247243,63.45765160083081
HTI,Haiti,2022,51.59426839408608,0.7790582836598945,1226.232089049123,38.59425402819927,63.44687348162343
HTI,Haiti,2023,50.24153992093572,0.7790582836598945,1200.0991653255326,39.243585670589255,63.43825098625742
HUN,Hungary,2021,99.00000000352684,0.6198103806393419,16386.50535895508,97.97689981391976,75.72989441295509
HUN,Hungary,2022,99.00000000498318,0.6198103806393419,16429.648095739685,97.97249149219773,75.6251618361024
HUN,Hungary,2023,99.00000000614824,0.6198103806393419,16464.41587116513,97.96812825072251,75.54137577462024
IDN,Indonesia,2021,74.26607007419449,0.7888561622118797,3886.412121712505,86.61149178815393,69.46437321298613
IDN,Indonesia,2022,71.46821502711961,0.7888561622118797,3869.822593377654,88.85863663798966,69.05680945409232
IDN,Indonesia,2023,69.22993098945898,0.7888561622118797,3856.550970709773,91.09454576357622,68.73075844697728
IND,India,2021,85.76473532824824,0.811428163094434,1916.2911441449216,75.47749828530335,70.26202065867044
IND,India,2022,84.4216698992735,0.811428163094434,1899.3907779077617,78.36063444988307,70.21529142091129
IND,India,2023,83.27427435626691,0.811428163094434,1885.1480030842934,81.2293549336399,70.17205086585817
IRL,Ireland,2021,93.23071214191626,0.5358120494764449,92098.72887432188,89.25598785617328,81.74056159627901
IRL,Ireland,2022,93.21800387245139,0.5358120494764449,96535.3691525021,89.22778156270172,81.72904949577224
IRL,Ireland,2023,93.2078372568794,0.5358120494764449,100927.6430279005,89.20046945073575,81.71931335487456
IRN,Iran (Islamic Republic of),2021,99.00736876188516,0.688348181054251,2522.1268590390796,90.59253737618349,74.75060600356085
IRN,Iran (Islamic Republic of),2022,99.01035468909873,0.688348181054251,2092.1907102304945,90.88230937577707,74.07822311528571
IRN,Iran (Islamic Republic of),2023,99.0127434308696,0.688348181054251,1748.2417911836264,91.16185276754463,73.54031680466561
IRQ,Iraq,2021,82.1935736812069,0.6776223461954556,4159.928125632451,99.56353725893898,70.1002857209471
IRQ,Iraq,2022,82.01942538965771,0.6776223461954556,3858.295192494809,100.50978618853951,69.507782694561
IRQ,Iraq,2023,81.88010675623802,0.6776223461954556,3616.988845784727,101.44830455570992,69.03378027345211
ISL,Iceland,2021,93.44446076667649,0.5491623064863984,56253.24298211414,98.7800008204899,82.63172809044457
ISL,Iceland,2022,93.7882610560905,0.5491623064863984,51785.891780038444,98.78000147622136,82.69817666455955
ISL,Iceland,2023,94.06330128762173,0.5491623064863984,47363.21408998351,98.78000212529257,82.7571906176983
ISR,Israel,2021,98.53574850931915,0.5869300919306872,46107.31229518594,99.93514403933519,82.36538204377797
ISR,Israel,2022,98.65170814217473,0.5869300919306872,47342.16195175186,99.93121890692146,82.32751100948276
ISR,Israel,2023,98.74447584845919,0.5869300919306872,48564.663111752125,99.92733302583186,82.2972141820466
ITA,Italy,2021,93.35916241836925,0.4385340051904263,31852.159063533836,99.89,81.81324436001269
ITA,Italy,2022,93.06708535949036,0.4385340051904263,31262.502337276954,99.89,81.5756689789595
ITA,Italy,2023,92.83342371238578,0.4385340051904263,30678.74217828264,99.89,81.38560867411695
JAM,Jamaica,2021,94.72154768277883,0.5230555396955494,4780.901280392444,86.72355560970693,72.67075802770748
JAM,Jamaica,2022,94.66547425707704,0.5230555396955494,4550.912933705078,86.80504765108331,72.74601734997718
JAM,Jamaica,2023,94.62061551651063,0.5230555396955494,4323.257934037193,86.88490557429562,72.80622480779303
JOR,Jordan,2021,70.46901642660558,0.6826966018392233,4009.8894772177173,97.05633467467958,77.25523923074927
JOR,Jordan,2022,63.37678639767806,0.6826966018392233,3970.079863405858,96.97372798214256,76.71844012719612
JOR,Jordan,2023,56.32001751925425,0.6826966018392233,3930.5548166706008,96.89153432306823,76.2890008443536
JPN,Japan,2021,96.45765325024124,0.6368449546236529,40411.17178489573,99.93630941307748,84.74239099756525
JPN,Japan,2022,96.21820854695119,0.6368449546236529,40632.04801524398,99.93148464623454,84.82309850359529
JPN,Japan,2023,96.02665278431908,0.6368449546236529,40850.71548328875,99.92670933494314,84.88766450841932
KAZ,Kazakhstan,2021,88.28883581946322,0.7008262343532516,8703.355960047853,97.87885331370867,71.0025869366206
KAZ,Kazakhstan,2022,86.1516735275946,0.7008262343532516,8507.74139810457,97.88430561988446,70.47336999321071
KAZ,Kazakhstan,2023,84.4419436940997,0.7008262343532516,8313.71593566608,97.88957230911309,70.02554766447301
KEN,Kenya,2021,92.35550632738753,0.8544198298841956,1999.0528772882121,36.09861902967759,67.1974774130038
KEN,Kenya,2022,93.03427234978874,0.8544198298841956,2045.7585056830633,36.49561109883577,67.56756772987791
KEN,Kenya,2023,93.57728516844405,0.8544198298841956,2089.337754898888,36.89061820764815,67.93023323251599
KGZ,Kyrgyzstan,2021,87.65002919308985,0.6247248167602287,1238.0112215681145,98.01074530320557,71.21878383859001
KGZ,Kyrgyzstan,2022,85.99122179982228,0.6247248167602287,1215.3503570228995,98.12442541999506,70.73372626560179
KGZ,Kyrgyzstan,2023,84.6641758852049,0.6247248167602287,1197.2216653867276,98.23581425478123,70.3456802072112
KHM,Cambodia,2021,85.75630001641898,0.7856458007779283,2159.549199350838,73.48384472250827,70.03832544689588
KHM,Cambodia,2022,85.32182029289926,0.7856458007779283,2190.4777432673754,76.71206929092652,70.23583734801659
KHM,Cambodia,2023,84.9742365140835,0.7856458007779283,2219.4067728508608,79.92415273650062,70.41986238060255
KIR,Kiribati,2021,88.81061486493454,0.656857395764036,1747.676997854703,44.53998533693678,62.032697390903046
KIR,Kiribati,2022,88.10456755349227,0.656857395764036,1732.1267112751996,44.79287642131812,62.120888250069406
KIR,Kiribati,2023,87.53972970433847,0.656857395764036,1719.4133262994278,45.03322212582787,62.1914409374025
KOR,Republic of Korea,2021,98.07256312274754,0.6363655028872928,31774.37749552787,99.82664974659731,84.05532706832555
KOR,Republic of Korea,2022,98.11852966373182,0.6363655028872928,31686.573693762402,99.81385584817492,84.27566166388797
KOR,Republic of Korea,2023,98.15530289651926,0.6363655028872928,31599.647930014587,99.80118468687024,84.48472062795594
KWT,Kuwait,2021,93.69438012489958,0.6626675176933332,23824.75275700049,100.0,78.01269012528526
KWT,Kuwait,2022,93.15145512878749,0.6626675176933332,21408.22674272867,100.0,76.95385631882866
KWT,Kuwait,2023,92.71711513189781,0.6626675176933332,19015.865988599573,100.0,76.10678927366334
LAO,Lao People's Democratic Republic,2021,77.38551642428763,0.8003634223831531,2638.7743782077814,80.70598614907779,69.06597178288109
LAO,Lao People's Democratic Republic,2022,76.12634998999384,0.8003634223831531,2676.9542595778425,81.9267014658285,69.38929033957238
LAO,Lao People's Democratic Republic,2023,75.1190168425588,0.8003634223831531,2713.814952928658,83.10591519909602,69.70302630454505
LBN,Lebanon,2021,69.10387436559154,0.6532661416286729,4959.800661676763,100.1208610776112,77.43530612613424
LBN,Lebanon,2022,67.20814826578575,0.6532661416286729,4057.8108514389396,100.86607015044014,77.01947059436084
LBN,Lebanon,2023,65.69156738594114,0.6532661416286729,3336.2069431127966,101.60341052654843,76.68680216894212
LBR,Liberia,2021,61.741422542786424,0.8565705508524378,597.7246991610946,21.90010095063824,63.65120269455158
LBR,Liberia,2022,59.18738144699382,0.8565705508524378,577.6443907530282,22.46179078471093,63.76689594952496
LBR,Liberia,2023,57.14414857035973,0.8565705508524378,560.6645717056297,23.020672169613256,63.85945055350366
LBY,Libya,2021,70.2253124701199,0.7105354611505998,5790.241302107031,92.11457141650669,72.552146424884
LBY,Libya,2022,68.65871778493873,0.7105354611505998,4373.56316063407,92.11706447215441,72.34918244958698
LBY,Libya,2023,67.40544203586089,0.7105354611505998,2971.0518005758386,92.11943017558134,72.18681126934933
LCA,Saint Lucia,2021,87.39313290113608,0.5919121507501124,7694.116535333827,83.39668718623146,75.49769292619314
LCA,Saint Lucia,2022,86.45337635288547,0.5919121507501124,6425.806437108924,83.4111326599114,75.30965911210514
LCA,Saint Lucia,2023,85.70157111428499,0.5919121507501124,5165.173055165415,83.42328883986984,75.13416879275404
LKA,Sri Lanka,2021,95.42995544243627,0.6978629433609366,3708.3305017761627,94.19787935380424,81.37733403783359
LKA,Sri Lanka,2022,94.61393560804176,0.6978629433609366,3538.988432416607,95.04375162644463,82.3183320645679
LKA,Sri Lanka,2023,93.96111974052614,0.6978629433609366,3370.6728726389515,95.88539453772182,83.07113048595954
LSO,Lesotho,2021,88.00764525523178,0.8426078207987481,880.5607661015796,52.18634477554259,52.03757531752019
LSO,Lesotho,2022,88.01259765712923,0.8426078207987481,829.3455437905652,54.030770981387285,52.15416791721455
LSO,Lesotho,2023,88.01655957864763,0.8426078207987481,788.3733659417538,55.85326601423974,52.247441996970046
LTU,Lithuania,2021,90.19634099963544,0.6172917005155554,21595.251112787846,94.7890546419208,74.8328538173694
LTU,Lithuania,2022,89.66485729301101,0.6172917005155554,22562.02550251455,95.29551718929017,74.58512951071197
LTU,Lithuania,2023,89.23967032770996,0.6172917005155554,23522.679300901582,95.79944742392269,74.38695006538602
LUX,Luxembourg,2021,98.9996199675794,0.5312965088891283,118151.27048599752,97.58544432542755,82.87648013148225
LUX,Luxembourg,2022,98.99939022985171,0.5312965088891283,119806.20280457556,97.58170790938095,82.9127754471686
LUX,Luxembourg,2023,98.99920643966956,0.5312965088891283,121444.58579996781,97.57800885749482,82.94775770769036
LVA,Latvia,2021,99.54082907379181,0.5908696526924937,18214.678439880496,92.48022267002807,75.63516637764309
LVA,Latvia,2022,99.91330889005032,0.5908696526924937,18750.324351035066,92.51925831911085,75.70400951642439
LVA,Latvia,2023,100.21129274305736,0.5908696526924937,19280.613803078093,92.5560883826609,75.76055777641909
MAR,Morocco,2021,98.999930508217,0.6809673495626941,3254.9793601930955,88.15420644534801,72.31296567314456
MAR,Morocco,2022,98.99989130223666,0.6809673495626941,3207.9862012868293,89.05149603978886,71.98515064918071
MAR,Morocco,2023,98.9998599374524,0.6809673495626941,3170.3916741618164,89.93989799007514,71.71261843692805
MDA,Republic of Moldova,2021,84.66062607004991,0.5681762923430208,4656.434834691672,84.37279739953944,72.08645684307028
MDA,Republic of Moldova,2022,82.73815433553344,0.5681762923430208,4867.403240987214,85.05555655042481,71.86607229518043
MDA,Republic of Moldova,2023,81.20017694681738,0.5681762923430208,5076.966105120226,85.73490190555576,71.68976465686855
MDG,Madagascar,2021,62.473735514460635,0.8154228930099261,444.015995474494,14.20331293113657,62.97132399690416
MDG,Madagascar,2022,61.35503792397246,0.8154228930099261,431.9977170078438,14.715207221764553,62.759431578511595
MDG,Madagascar,2023,60.46007985158192,0.8154228930099261,422.38217968659285,15.224542040939394,62.567399147375184
MDV,Maldives,2021,98.58750786149956,0.6935427078347077,6594.180424671567,100.13600432290112,75.65797671681777
MDV,Maldives,2022,98.53185281975523,0.6935427078347077,5068.219602679479,101.07281488953346,75.37043526204249
MDV,Maldives,2023,98.48732878635977,0.6935427078347077,3555.950277516713,101.99204338625576,75.14040209822225
MEX,Mexico,2021,76.36819212487119,0.6162115537631992,8679.843094290207,91.9925349214487,70.01016475542959
MEX,Mexico,2022,74.66102003096479,0.6162115537631992,8347.677164769882,92.58819169515202,68.67269386365079
MEX,Mexico,2023,73.29528234932606,0.6162115537631992,8081.944421153624,93.1768344487727,67.60271715022775
MKD,North Macedonia,2021,74.86731057021905,0.6770654085195442,6782.734803353808,99.00294416507953,74.0388948604895
MKD,North Macedonia,2022,72.13887600402656,0.6770654085195442,6846.837105729729,99.56513086802009,73.54651599275485
MKD,North Macedonia,2023,69.95612835107251,0.6770654085195442,6902.026737649339,100.12450663744595,73.15261289856711
MLI,Mali,2021,64.35801435150958,0.8649777732742983,807.1634212400422,48.31703273380487,61.6412978636839
MLI,Mali,2022,62.436890129818,0.8649777732742983,805.5142069289553,50.054690023967936,61.70305574538153
MLI,Mali,2023,60.89999075227401,0.8649777732742983,804.1948354800858,51.78365902768009,61.760694451990275
MLT,Malta,2021,97.21845342266333,0.5200884581082554,32346.40190078664,99.96000000104671,81.99966858801669
MLT,Malta,2022,97.30998450695323,0.5200884581082554,32553.279111951113,99.96000000113699,81.95748772028658
MLT,Malta,2023,97.38320937438515,0.5200884581082554,32758.08755100394,99.96000000122638,81.91808989032555
MMR,Myanmar,2021,86.40958308431682,0.8165550285762477,1545.0190142020579,74.10624490095024,69.02467349271573
MMR,Myanmar,2022,85.79588280500936,0.8165550285762477,1594.9312369602837,74.56851871018534,69.12823931110245
MMR,Myanmar,2023,85.30492258156339,0.8165550285762477,1637.8020833327596,75.02657944931904,69.21109196581207
MNE,Montenegro,2021,61.18515358000089,0.4010787981375897,7623.567165009317,97.99036768964488,75.0635346181066
MNE,Montenegro,2022,58.56110352373703,0.4010787981375897,7388.956589542322,98.16467205424902,74.49650370140611
MNE,Montenegro,2023,56.23619818770382,0.4010787981375897,7201.268129168726,98.30411554593235,73.97436690532811
MNG,Mongolia,2021,96.19276761952877,0.6937892870021151,4045.2616235817018,70.333791687359,73.48672657503687
MNG,Mongolia,2022,95.67136515017414,0.6937892870021151,4021.7734939754864,71.58875133288052,74.4978763305216
MNG,Mongolia,2023,95.25424317469044,0.6937892870021151,4002.982990290514,72.83743618017445,75.50397033722892
MOZ,Mozambique,2021,70.90898941902807,0.867526947318611,456.53372009586207,36.15068051676239,59.06344675504419
MOZ,Mozambique,2022,67.9156881456169,0.867526947318611,444.29576417127544,37.53269329266102,59.4128595437681
MOZ,Mozambique,2023,65.52104712687753,0.867526947318611,434.50539943160277,38.90779600468012,59.74880613484822
MRT,Mauritania,2021,82.77441003305007,0.8322866237241127,1831.7470978797367,53.676810764603324,68.73859158518381
MRT,Mauritania,2022,84.38779054204296,0.8322866237241127,1861.014722326496,55.68972395693561,68.37802628781245
MRT,Mauritania,2023,85.67849494923728,0.8322866237241127,1886.2440555366222,57.692572583305775,68.05301637147468
MUS,Mauritius,2021,91.34085066867185,0.7069134207051665,8640.416638647594,37.43011211712027,73.44589023942444
MUS,Mauritius,2022,90.08471007105543,0.7069134207051665,8025.610384549439,36.5271844999316,73.26786788569609
MUS,Mauritius,2023,89.07979759275145,0.7069134207051665,7533.765381216821,35.804842406180654,73.10509639591535
MWI,Malawi,2021,93.51660292114114,0.8418120018102755,623.3544723477064,47.10450673516823,63.74649986749404
MWI,Malawi,2022,94.08561932173012,0.8418120018102755,640.2774328160095,49.239034867801095,64.00835881587723
MWI,Malawi,2023,94.54083244220132,0.8418120018102755,653.815801190652,51.36289035977079,64.26144111936756
MYS,Malaysia,2021,96.77874772499571,0.7360616255019354,9931.47786970487,96.01776909868207,77.24188264550457
MYS,Malaysia,2022,96.50580153086595,0.7360616255019354,9705.785767400823,96.08691459220648,77.84964314514112
MYS,Malaysia,2023,96.28744457556205,0.7360616255019354,9481.49410013057,96.15357515638911,78.33585154485034
NAM,Namibia,2021,93.0362978715826,0.8585403434869465,3531.0643212193063,35.52990350782679,64.05607704427484
NAM,Namibia,2022,95.09114700849884,0.8585403434869465,3059.874137821401,35.80134460046772,64.30740784668163
NAM,Namibia,2023,96.73502631834315,0.8585403434869465,2591.801944457051,36.0686890391318,64.51862105736069
NER,Niger,2021,80.27902084801278,0.8615478545633025,586.6649805269353,15.77538402206368,60.46232888053107
NER,Niger,2022,80.29931169435022,0.8615478545633025,593.0569197426801,16.261247467493526,60.47788114827667
NER,Niger,2023,80.31554437142023,0.8615478545633025,598.1704711152757,16.74468159569622,60.49241172641862
NGA,Nigeria,2021,62.73872395992297,0.876471266371019,2026.0904705405733,45.379090935499335,63.0105093313037
NGA,Nigeria,2022,63.30025154563389,0.876471266371019,1997.5576742229844,46.41246648790101,63.0965211975747
NGA,Nigeria,2023,63.74947361420263,0.876471266371019,1974.0373458116992,47.440675162540664,63.179168254010456
NIC,Nicaragua,2021,93.11332832913665,0.5940248099565544,1890.017395880842,91.95394174308106,74.42801473110657
NIC,Nicaragua,2022,91.84399589680203,0.5940248099565544,1856.7416548972562,98.26037778363725,73.46307162556107
NIC,Nicaragua,2023,90.82852995093434,0.5940248099565544,1828.652270711806,104.53528164398944,72.69111714112465
NLD,Netherlands (Kingdom of the),2021,94.1025575224824,0.5016081852289985,54427.541852612354,97.68358441569158,81.37890153923765
NLD,Netherlands (Kingdom of the),2022,94.19883108895012,0.5016081852289985,55099.07861520722,97.67889478333642,81.2258128571073
NLD,Netherlands (Kingdom of the),2023,94.27584994212428,0.5016081852289985,55763.900010176134,97.67450104277347,81.10334191140304
NOR,Norway,2021,97.2536123590853,0.4027638291345445,65356.9308694083,98.04902406483781,83.00153580285613
NOR,Norway,2022,97.42573497670661,0.4027638291345445,61159.57776615761,98.04836470316546,83.15905967465108
NOR,Norway,2023,97.56343307080367,0.4027638291345445,57004.198193939425,98.04771204839854,83.30876488878481
NPL,Nepal,2021,84.21557315167624,0.825284289012648,1175.4118182422624,80.21750480927369,71.03895545699751
NPL,Nepal,2022,82.5999393590612,0.825284289012648,1179.4723482343059,83.83396221146441,71.01034933684072
NPL,Nepal,2023,81.30743232152764,0.825284289012648,1182.7207722279902,87.43233732664417,70.98665423230656
NZL,New Zealand,2021,91.3950566210165,0.5615465954119244,41685.36635703108,100.0,82.73526288885188
NZL,New Zealand,2022,91.15963348617883,0.5615465954119244,41368.07070186133,100.0,83.01850935958514
NZL,New Zealand,2023,90.97129497830872,0.5615465954119244,41053.948003243284,100.0,83.26867955948227
OMN,Oman,2021,99.00003387140877,0.6863924722567216,16257.641924642894,99.32465326850037,73.81823620069011
OMN,Oman,2022,98.99995560347601,0.6863924722567216,15332.752419206909,99.32660715090141,73.55667764373985
OMN,Oman,2023,98.99989298912979,0.6863924722567216,14417.111808825282,99.3284801131367,73.34743079817963
PAK,Pakistan,2021,83.36117064506726,0.8332995212502927,1216.5092384506738,68.81822960615825,65.75811782398632
PAK,Pakistan,2022,84.11863696935862,0.8332995212502927,1146.0061077087,70.5179335859991,65.51894081390115
PAK,Pakistan,2023,84.72461002879227,0.8332995212502927,1082.1732934503975,72.20844676023741,65.32759920583301
PAN,Panama,2021,73.65007249291794,0.5838406962974166,12820.256498645662,85.74039349715036,77.16275068797142
PAN,Panama,2022,69.83328325822994,0.5838406962974166,11943.87640533614,86.90881450362414,76.79972366615138
PAN,Panama,2023,66.77985187047953,0.5838406962974166,11181.542919411586,88.07139340506555,76.50930204869533
PER,Peru,2021,70.89152186024663,0.609921851950754,6026.811294874056,77.8690417759539,70.8773605512829
PER,Peru,2022,67.16103275416789,0.609921851950754,5818.269397425166,78.43147631855165,68.23361732669201
PER,Peru,2023,64.17664131886059,0.609921851950754,5651.435879466053,78.98464089884516,65.60309281822407
PHL,Philippines,2021,81.18162451133631,0.7409073780345304,3281.2869101079764,83.56480731499398,69.63928651213345
PHL,Philippines,2022,80.6709886573378,0.7409073780345304,3291.793849716192,84.7087499181711,69.66462315921066
PHL,Philippines,2023,80.2624799741382,0.7409073780345304,3301.223030073512,85.84697280833232,69.68489247687245
PNG,Papua New Guinea,2021,42.733456740555965,0.7742401846524702,2417.9010427181074,19.28407825339081,66.26338284725449
PNG,Papua New Guinea,2022,43.72656803769197,0.7742401846524702,2378.067665950598,19.346995386383124,66.18421537835188
PNG,Papua New Guinea,2023,44.52105707595695,0.7742401846524702,2338.47189472987,19.407784803637032,66.11168685705644
POL,Poland,2021,89.9775119758703,0.6531707903768825,16330.733730095291,99.05699314611064,76.17243164137052
POL,Poland,2022,89.3264872362836,0.6531707903768825,16546.776534539884,99.11796865039388,75.83087647401877
POL,Poland,2023,88.72660817094561,0.6531707903768825,16719.610778095557,99.17603370706318,75.55574229513161
PRT,Portugal,2021,99.12084330689827,0.5099130493381662,22517.857796110155,99.7067978796067,80.78534754469688
PRT,Portugal,2022,99.18924353245498,0.5099130493381662,22439.942493351067,99.74258836919189,80.66802743447778
PRT,Portugal,2023,99.24396371290034,0.5099130493381662,22362.806343619566,99.7769566219582,80.56261141580084
PRY,Paraguay,2021,76.64848019164442,0.6765128378334213,5163.480397274299,93.75591012600556,75.25135657754576
PRY,Paraguay,2022,74.08158315972204,0.6765128378334213,4921.126247277948,94.75160699665841,75.27443655862335
PRY,Paraguay,2023,72.02806553418415,0.6765128378334213,4699.657899296294,95.73419550912328,75.29290054348542
QAT,Qatar,2021,87.68809422262304,0.6396557711436254,47219.16651010378,99.94,77.04024706347307
QAT,Qatar,2022,85.23398959748805,0.6396557711436254,40548.02897649725,99.94,76.57638817670279
QAT,Qatar,2023,83.27070589732081,0.6396557711436254,33943.60281822678,99.94,76.15812344865297
ROU,Romania,2021,87.25876870957245,0.526027533774686,13492.927160073006,87.91780289115046,73.92412278094795
ROU,Romania,2022,87.19631245512923,0.526027533774686,13750.805225139688,88.37353840555878,73.60815562085888
ROU,Romania,2023,87.14634745157466,0.526027533774686,13957.107677193031,88.73812681708544,73.3533718182402
RUS,Russian Federation,2021,96.98478329322812,0.6209241089884944,10037.092474488023,89.17031399158525,71.2249988883657
RUS,Russian Federation,2022,96.97755936761118,0.6209241089884944,9709.160614173274,89.39965017015166,70.84054759301988
RUS,Russian Federation,2023,96.97178022711763,0.6209241089884944,9384.508072461673,89.62783966782524,70.52830918473668
RWA,Rwanda,2021,90.91850985835353,0.8131701070519262,786.8100095963715,73.86043039249763,68.48800120499688
RWA,Rwanda,2022,89.41778411336271,0.8131701070519262,787.4825742489497,75.17143886892822,68.74699951340196
RWA,Rwanda,2023,88.21720351737005,0.8131701070519262,788.0924321939739,76.47260312974261,68.98850533612493
SAU,Saudi Arabia,2021,94.90124779508398,0.6833554673888232,23043.726604169053,95.33632215185055,75.90927255878306
SAU,Saudi Arabia,2022,94.50676396418844,0.6833554673888232,21878.894512291685,95.34302300718456,75.66373411940188
SAU,Saudi Arabia,2023,94.191176899472,0.6833554673888232,20725.71074133309,95.34965545263202,75.45246702853365
SDN,Sudan,2021,88.06437944781402,0.8270744642711859,509.79555086405605,100.79053223538139,68.33586703634253
SDN,Sudan,2022,87.18730158153473,0.8270744642711859,448.1856526191325,122.00457893124513,68.0807616912718
SDN,Sudan,2023,86.48563928851091,0.8270744642711859,397.9327775740496,143.1125553821435,67.85502036344212
SEN,Senegal,2021,89.62409298532418,0.8608667966409052,1477.607949607308,59.1414496186753,68.71611206729892
SEN,Senegal,2022,89.13619517161682,0.8608667966409052,1490.896064025479,60.1784296366855,68.79330272779539
SEN,Senegal,2023,88.74587692065091,0.8608667966409052,1501.5299588435591,61.21022475460564,68.86628050224066
SGP,Singapore,2021,97.92861679939857,0.5716863290010076,61572.01383428926,100.0,84.18257553708946
SGP,Singapore,2022,98.23128270256906,0.5716863290010076,60591.96412634012,100.0,84.3300377636845
SGP,Singapore,2023,98.4734154251055,0.5716863290010076,59621.714915470475,100.0,84.45921585312082
SLB,Solomon Islands,2021,89.79749066209378,0.7150876103548588,2035.6669902934798,35.18751623133775,65.3967043037452
SLB,Solomon Islands,2022,90.25396589223662,0.7150876103548588,1982.1393457954878,35.55774184993331,65.34975052209754
SLB,Solomon Islands,2023,90.61914607673846,0.7150876103548588,1932.2988409767872,35.92116796662712,65.30681180104206
SLE,Sierra Leone,2021,89.81654697015149,0.8453245110442692,847.7262157750987,21.8971290027805,60.80191180309278
SLE,Sierra Leone,2022,89.365570905442,0.8453245110442692,849.9057193230053,22.77952820762282,60.99256662688968
SLE,Sierra Leone,2023,89.00479005367441,0.8453245110442692,851.6493398817925,23.65751541644093,61.145635149400675
SLV,El Salvador,2021,85.54901794735609,0.5566366861668935,4008.867291178075,87.42708955543615,71.67790011779482
SLV,El Salvador,2022,83.88403619119143,0.5566366861668935,3952.1262308479763,87.73046448285191,71.08346033799005
SLV,El Salvador,2023,82.55205078625968,0.5566366861668935,3895.791563798027,88.03232253563058,70.6079085141462
SOM,Somalia,2021,45.00001251628457,0.8484045670307458,524.4529349035307,40.35990612094906,55.31748827029777
SOM,Somalia,2022,45.000043564031515,0.8484045670307458,525.1912677514497,41.410561459194746,55.42521168449907
SOM,Somalia,2023,45.00006840222917,0.8484045670307458,525.816429766859,42.4559635207492,55.51139041586011
SRB,Serbia,2021,86.31665820187303,0.5954885730149869,8361.597358335293,97.97590712691341,74.19385896520487
SRB,Serbia,2022,84.66244961251297,0.5954885730149869,8573.552952128726,98.03097725675765,73.81592570862468
SRB,Serbia,2023,83.33908274010126,0.5954885730149869,8744.296958167644,98.08427793750289,73.51357910336053
STP,Sao Tome and Principe,2021,91.55847026821685,0.7556357411484906,2340.413670670777,47.7482415020225,71.28527084624042
STP,Sao Tome and Principe,2022,90.82098519814538,0.7556357411484906,2523.9522991385543,49.051178301656705,71.23404192255508
STP,Sao Tome and Principe,2023,90.23099714208819,0.7556357411484906,2706.57323446397,50.347600417292725,71.18741795179312
SUR,Suriname,2021,44.12895750331654,0.7225862336322786,4350.6946034501425,90.63954694637492,72.72538039064567
SUR,Suriname,2022,37.339712936708395,0.7225862336322786,3726.725417338002,91.32769504535462,72.6362599051569
SUR,Suriname,2023,31.90831728342187,0.7225862336322786,3159.914186832202,92.01240240383939,72.55974502661803
SVK,Slovakia,2021,96.8358719844051,0.6083798233967943,20246.353921469094,97.52985906188846,76.84230014945089
SVK,Slovakia,2022,96.95363891752592,0.6083798233967943,20688.955621733006,97.52994578708713,76.70239477547153
SVK,Slovakia,2023,97.0478524640226,0.6083798233967943,21128.69634308938,97.53002782794694,76.58020830476748
SVN,Slovenia,2021,94.97695997029149,0.5707913655025437,25955.095161622765,98.30681879006234,80.24973406309401
SVN,Slovenia,2022,95.20850566941185,0.5707913655025437,26270.89734961339,98.25265779794142,80.02677115920015
SVN,Slovenia,2023,95.39374222870815,0.5707913655025437,26583.541515724108,98.19876761078113,79.83046925245014
SWE,Sweden,2021,96.99845907243004,0.4765213143705661,52296.20453274871,98.86400971123216,82.10134941554787
SWE,Sweden,2022,96.91216884759156,0.4765213143705661,52120.78707607664,98.8476404628895,82.0255268296313
SWE,Sweden,2023,96.84313666772078,0.4765213143705661,51947.123793971296,98.83142313580903,81.96486876089804
SWZ,Eswatini,2021,78.57338725688714,0.7902370246495042,3378.1239479338615,65.11309507789764,56.48115441794853
SWZ,Eswatini,2022,76.48612647443105,0.7902370246495042,3262.9602700927794,65.59386213111955,56.86385978653641
SWZ,Eswatini,2023,74.81631784846616,0.7902370246495042,3170.8293278199135,66.06770387868973,57.19113569292317
SYC,Seychelles,2021,96.93967624699586,0.7046645226985806,13242.497997367913,100.27961019424673,78.05430757021625
SYC,Seychelles,2022,96.60747305430014,0.7046645226985806,11564.518877936975,100.51413761678697,79.18627464564852
SYC,Seychelles,2023,96.34171050014298,0.7046645226985806,9900.458344151004,100.74006475640182,80.09184830599435
SYR,Syrian Arab Republic,2021,65.19315151641467,0.6674736930541599,509.1097772441911,94.64393917061666,74.26156834416645
SYR,Syrian Arab Republic,2022,64.46326432001605,0.6674736930541599,385.30534393754675,94.98511554828765,76.16980366232961
SYR,Syrian Arab Republic,2023,63.87935456289716,0.6674736930541599,286.2617972922312,95.32458604407029,77.69639191686014
TCD,Chad,2021,50.74429156460616,0.8529031075245588,611.0904058163951,12.7826286812146,59.419184147790425
TCD,Chad,2022,52.255371632139465,0.8529031075245588,595.5932130558291,13.020633954161283,59.54875312145582
TCD,Chad,2023,53.464235686166106,0.8529031075245588,583.1954588473764,13.257449200743235,59.67388067926433
TGO,Togo,2021,77.67664646632676,0.8752623930973024,860.8793122039679,19.5097984846105,64.29472068465938
TGO,Togo,2022,78.02544473861691,0.8752623930973024,868.660194999059,20.08123795882635,64.68855813554589
TGO,Togo,2023,78.30448335644903,0.8752623930973024,874.8849012351318,20.64982023567112,65.08042639917795
THA,Thailand,2021,96.38399830979988,0.8146960544825398,7098.1554670303585,99.01503582073141,76.34952305771
THA,Thailand,2022,96.2239162452917,0.8146960544825398,7073.848613958471,99.31366324625283,76.15073026292993
THA,Thailand,2023,96.09585059368516,0.8146960544825398,7054.403131500961,99.61079753464665,75.96900868840413
TJK,Tajikistan,2021,97.46945585143077,0.6882761314473266,835.8316254417408,97.01402406926724,70.07974043060044
TJK,Tajikistan,2022,97.56608558167748,0.6882761314473266,832.1842985780693,97.20237349388061,69.28034456710077
TJK,Tajikistan,2023,97.64338936587487,0.6882761314473266,829.2664370871321,97.3868663249885,68.64082787630105
TKM,Turkmenistan,2021,97.83307082021521,0.6766794172914635,6759.349456866325,99.80895056455027,68.37137035514216
TKM,Turkmenistan,2022,97.57244763084681,0.6766794172914635,6870.728089348088,100.20798298537747,68.20708972327463
TKM,Turkmenistan,2023,97.36394907932306,0.6766794172914635,6965.132754167182,100.60502024410054,68.07566521778061
TLS,Timor-Leste,2021,79.99881996434081,0.7826131352649797,1753.0663026535547,56.91836616822997,69.10325289868743
TLS,Timor-Leste,2022,79.9010372927406,0.7826131352649797,1874.0880488876496,57.493587934698354,69.31175054009769
TLS,Timor-Leste,2023,79.82281115546043,0.7826131352649797,1994.017929293025,57.95376534788712,69.50292401961909
TON,Tonga,2021,99.09791149591582,0.6171095679871303,4773.49564448859,95.02120836475832,73.2843719528594
TON,Tonga,2022,99.14633444201075,0.6171095679871303,4822.864490651417,95.25561273736989,73.38118781906485
TON,Tonga,2023,99.18507279888671,0.6171095679871303,4865.07336397691,95.4812408751874,73.45864051202919
TTO,Trinidad and Tobago,2021,93.36686519592615,0.6973586956233435,14374.342628805352,93.95703153591509,73.57581411619401
TTO,Trinidad and Tobago,2022,93.07478253915565,0.6973586956233435,13252.917850801321,93.98162489928959,73.46892260789204
TTO,Trinidad and Tobago,2023,92.84111641373777,0.6973586956233435,12142.707320577332,94.00502200092878,73.38340940125045
TUN,Tunisia,2021,97.3814574681909,0.7030193304687913,3508.814184398951,98.47737277735942,77.15222966205484
TUN,Tunisia,2022,97.34079683847898,0.7030193304687913,3486.1361297747185,99.51919611585721,77.10968506594712
TUN,Tunisia,2023,97.30826833470941,0.7030193304687913,3466.6191757142974,100.5558103376625,77.07223702787569
TUR,Trkiye,2021,97.07019039983878,0.5938992149879477,8291.141122712046,99.76197980998843,75.99765387634496
TUR,Trkiye,2022,96.92756958395793,0.5938992149879477,7989.82525784563,100.29723879444346,75.6581653819605
TUR,Trkiye,2023,96.81347293119455,0.5938992149879477,7748.3611136196,100.82982148397622,75.38657458645295
TZA,United Republic of Tanzania,2021,78.09950611527636,0.8391469381048244,1146.6605562623981,31.394905806110106,67.82556478381397
TZA,United Republic of Tanzania,2022,75.77432725293367,0.8391469381048244,1175.7237068167867,32.53413666764547,68.26989846264014
TZA,United Republic of Tanzania,2023,73.9141841611338,0.8391469381048244,1200.5903989570677,33.66767137487316,68.69901260405521
UGA,Uganda,2021,88.89418846955614,0.8717160272275972,859.6053503226988,20.81257362247109,66.64772105908878
UGA,Uganda,2022,88.70787572050916,0.8717160272275972,872.5262599341005,21.01358619047719,66.94927352553844
UGA,Uganda,2023,88.54364388292763,0.8717160272275972,882.8629876232219,21.21359369564326,67.2400476535389
UKR,Ukraine,2021,87.70182127397159,0.6788071054801114,3932.690711013812,97.79139754373459,72.46340561797992
UKR,Ukraine,2022,90.26839259335033,0.6788071054801114,4091.2201788968746,97.826194539132,72.36590821216107
UKR,Ukraine,2023,92.32164964885331,0.6788071054801114,4218.043753203325,97.8598433563906,72.287910287506
URY,Uruguay,2021,92.49358981649341,0.6311887229688649,15144.152111691144,98.33387466272646,77.91361534417726
URY,Uruguay,2022,92.16919789241862,0.6311887229688649,14270.688425826176,98.61534315232045,78.10946330960735
URY,Uruguay,2023,91.90968435315881,0.6311887229688649,13536.043749821685,98.89540429946646,78.26614168195142
USA,United States of America,2021,91.80389437211188,0.6072929277547408,65492.072664383115,99.65316113613443,76.57626754600037
USA,United States of America,2022,91.62075413517861,0.6072929277547408,66050.53582732519,99.63791341817738,76.09853697186087
USA,United States of America,2023,91.47424194563199,0.6072929277547408,66554.07618657035,99.6228181773999,75.71635251254925
UZB,Uzbekistan,2021,96.73499021172877,0.6446852764145583,1937.8016234664144,96.1774141651747,71.61885965944475
UZB,Uzbekistan,2022,96.52997212363864,0.6446852764145583,1912.0000347387336,96.29305847058212,71.64135880535098
UZB,Uzbekistan,2023,96.36595765316653,0.6446852764145583,1889.8239305025093,96.4067812824449,71.66206662244213
VCT,Saint Vincent and the Grenadines,2021,98.25490256222758,0.5578178059734936,8549.140949497909,87.6093703946279,72.68383529952986
VCT,Saint Vincent and the Grenadines,2022,98.20923351808574,0.5578178059734936,8598.539881385192,87.66066540594237,72.58397647403102
VCT,Saint Vincent and the Grenadines,2023,98.17269828277226,0.5578178059734936,8647.598669070136,87.70682208185049,72.50408941363195
VEN,Venezuela (Bolivarian Republic of),2021,62.39249184220816,0.5704076584908542,11104.457915811856,97.43304613939915,72.3017638162934
VEN,Venezuela (Bolivarian Republic of),2022,60.367425765177174,0.5704076584908542,10585.422914570385,97.82577208429596,72.19326799516529
VEN,Venezuela (Bolivarian Republic of),2023,58.7473729034507,0.5704076584908542,10071.578263341327,98.21281712938271,72.1064713382628
VNM,Viet Nam,2021,90.06947458456527,0.7644570717922635,3715.880905763701,90.35271566403402,75.18535526897395
VNM,Viet Nam,2022,89.93234518006665,0.7644570717922635,3877.0624529593965,92.19555652257576,75.7245871595823
VNM,Viet Nam,2023,89.82264165646775,0.7644570717922635,4035.700443150499,94.02918317682477,76.26112289073761
VUT,Vanuatu,2021,76.67382950340186,0.6924897738697379,3031.851829177884,47.274232847655995,67.14366826028048
VUT,Vanuatu,2022,74.9223902747195,0.6924897738697379,2997.3398464262095,46.74836426106158,67.17112487468
VUT,Vanuatu,2023,73.52123889173556,0.6924897738697379,2969.73026022487,46.22512501740014,67.19773651028862
WSM,Samoa,2021,86.97310315066441,0.6625676191487935,4076.2829291968533,97.55364090076826,70.21811215743324
WSM,Samoa,2022,91.98605931881043,0.6625676191487935,4011.7932643983913,97.90668725599356,70.26379328414977
WSM,Samoa,2023,95.99642425332726,0.6625676191487935,3950.53141193906,98.25796837944272,70.300338185523
YEM,Yemen,2021,55.67199917979017,0.8129998552805918,510.64502764153707,54.6136206600091,66.35878298046542
YEM,Yemen,2022,55.520069872485436,0.8129998552805918,473.7072877598159,55.103968218759825,66.21394834919025
YEM,Yemen,2023,55.39852642663139,0.8129998552805918,444.15709584537404,55.591864039716796,66.08851665924796
ZAF,South Africa,2021,84.3196198327522,0.7664014518382574,5314.966064243804,76.89667180475065,64.25156830457338
ZAF,South Africa,2022,84.53730812044881,0.7664014518382574,4892.173178910766,77.64683944567354,63.964162678890645
ZAF,South Africa,2023,84.7114587506061,0.7664014518382574,4472.261493032243,78.39116452659952,63.72264274910361
ZMB,Zambia,2021,86.6477460205988,0.8480697567253281,851.7715046448826,36.90890060863113,62.036932562800075
ZMB,Zambia,2022,85.62648876165339,0.8480697567253281,737.6774056365086,37.62954381534932,62.20744543564815
ZMB,Zambia,2023,84.80948295438871,0.8480697567253281,646.4021264298094,38.34522705633971,62.3705755679895
ZWE,Zimbabwe,2021,84.94311602415301,0.8496131243413927,1551.3182152780855,34.61152537389402,59.72835771564753
ZWE,Zimbabwe,2022,84.08775087060654,0.8496131243413927,1430.5253129574276,34.035985659831425,60.03361152604035
ZWE,Zimbabwe,2023,83.40345874766601,0.8496131243413927,1333.8909911009011,33.46332364433915,60.32098364497287
